{
  "project_info": {
    "project_number": "17382798301",
    "firebase_url": "https://mg-land.firebaseio.com",
    "project_id": "mg-land",
    "storage_bucket": "mg-land.appspot.com"
  },
  "client": [
    {
      "client_info": {
        "mobilesdk_app_id": "1:17382798301:android:a3d06982a11a5aed",
        "android_client_info": {
          "package_name": "AndroidManifest.xml"
        }
      },
      "oauth_client": [
        {
          "client_id": "17382798301-ofr4etgav8rn9af3fdcqiil5k2dob1m6.apps.googleusercontent.com",
          "client_type": 3
        }
      ],
      "api_key": [
        {
          "current_key": "AIzaSyCOV0qqaJmrnZVdRrg5yOL9M67lBIHrGDo"
        }
      ],
      "services": {
        "analytics_service": {
          "status": 1
        },
        "appinvite_service": {
          "status": 1,
          "other_platform_oauth_client": []
        },
        "ads_service": {
          "status": 2
        }
      }
    },
    {
      "client_info": {
        "mobilesdk_app_id": "1:17382798301:android:30eb37095e23398c",
        "android_client_info": {
          "package_name": "com.mgland"
        }
      },
      "oauth_client": [
        {
          "client_id": "17382798301-ofr4etgav8rn9af3fdcqiil5k2dob1m6.apps.googleusercontent.com",
          "client_type": 3
        }
      ],
      "api_key": [
        {
          "current_key": "AIzaSyCOV0qqaJmrnZVdRrg5yOL9M67lBIHrGDo"
        }
      ],
      "services": {
        "analytics_service": {
          "status": 1
        },
        "appinvite_service": {
          "status": 1,
          "other_platform_oauth_client": []
        },
        "ads_service": {
          "status": 2
        }
      }
    }
  ],
  "configuration_version": "1"
}